ID,Predictions
1,79.45
2,93.95
3,78.98
4,77.42
5,109.38
8,89.89
10,110.13
11,94.39
12,116.14
14,95.09
15,116.32
16,107.33
17,94.63
19,95.32
20,105.66
21,95.14
22,115.89
23,94.67
26,91.53
28,90.22
29,94.67
33,94.67
35,94.06
41,94.5
42,91.74
43,116.8
45,104.05
46,101.26
51,93.33
53,74.71
55,110.41
56,94.2
57,104.37
58,93.78
59,104.48
63,109.02
64,96.29
65,104.71
69,92.93
71,96.46
72,103.21
73,95.11
76,104.12
77,104.32
78,113.41
82,94.76
83,104.71
84,93.63
85,101.34
87,109.69
88,94.5
89,109.56
91,91.79
93,93.24
94,107.84
95,93.12
96,109.58
97,89.46
98,109.82
99,92.33
101,103.03
103,109.56
104,92.42
105,108.15
110,95.29
111,104.71
113,111.13
114,90.44
115,110.82
117,109.56
120,90.87
121,111.66
122,88.62
123,108.83
126,110.84
132,107.84
135,101.06
137,104.37
138,95.49
140,94.34
142,108.26
144,111.03
148,89.07
149,109.68
155,89.19
156,109.91
157,89.46
162,109.07
163,95.09
167,88.5
172,116.8
179,109.04
180,87.81
181,110.27
182,95.85
183,109.56
185,109.56
187,110.42
188,94.71
189,93.38
191,92.54
192,116.22
193,94.51
194,112.33
195,87.92
196,110.16
198,97.89
199,111.21
201,104.65
204,95.45
205,107.44
206,93.86
210,93.9
211,103.03
216,109.94
219,116.05
220,92.65
221,109.99
226,110.27
227,91.07
228,110.31
230,109.83
231,89.46
235,115.76
236,92.99
238,109.89
242,107.36
243,91.69
244,78.87
245,109.03
247,107.93
248,88.02
249,91.96
250,112.13
251,92.99
253,115.76
254,91.59
256,93.89
257,90.08
258,112.33
259,92.25
262,77.26
266,91.1
267,109.83
272,101.93
273,109.56
275,89.94
276,109.95
279,95.02
280,104.71
283,90.61
285,110.26
288,109.56
289,94.03
290,104.69
291,94.76
292,107.31
293,107.44
296,90.85
297,108.74
298,113.42
299,94.8
304,91.67
305,82.6
306,94.5
307,110.36
311,112.53
313,110.29
314,90.29
316,92.29
324,90.82
327,94.94
329,91.94
330,112.45
337,103.64
338,95.42
339,104.15
340,95.77
343,89.99
345,116.24
346,89.92
347,109.77
349,114.81
350,87.04
352,110.32
353,89.17
354,77.07
357,93.52
358,109.73
362,109.04
364,123.61
365,104.7
366,97.1
367,111.26
368,94.54
370,76.46
373,93.02
377,91.15
378,108.14
382,104.16
384,110.35
390,93.7
392,113.77
393,105.95
395,96.55
396,104.88
399,79.45
406,110.29
408,110.29
409,91.42
410,76.79
412,110.94
413,91.06
419,92.77
420,109.03
421,90.34
430,101.58
434,93.24
436,94.71
437,94.39
438,89.7
439,110.26
440,92.85
443,109.94
446,95.26
448,94.93
452,93.98
453,106.45
457,104.45
458,93.67
459,113.19
460,103.21
462,105.0
464,101.13
465,116.09
467,117.27
471,107.23
472,76.15
473,92.7
475,95.92
480,95.69
488,108.12
490,110.36
491,101.04
492,77.23
493,93.15
497,89.58
498,110.62
499,94.19
500,101.78
501,93.72
502,109.1
506,75.65
510,105.93
511,90.59
512,91.87
516,90.64
518,92.59
519,110.25
521,89.09
522,107.36
526,109.03
529,92.08
532,108.76
533,94.62
536,110.04
537,97.65
539,94.64
540,103.02
541,95.65
543,93.47
546,110.0
547,92.81
548,85.4
551,91.82
552,103.65
556,104.63
557,96.89
558,111.26
559,96.46
560,107.29
562,107.43
566,94.86
570,110.62
571,94.39
572,104.76
573,94.78
575,116.09
576,111.7
577,87.81
579,89.46
580,109.34
581,107.94
589,110.36
591,104.38
593,95.54
594,106.66
595,94.65
598,91.77
602,110.16
604,110.83
606,111.16
608,97.61
609,103.07
610,93.44
616,109.91
617,95.03
618,105.53
620,104.48
622,110.73
623,91.48
624,107.2
626,109.05
628,109.64
629,90.37
630,109.87
637,96.1
638,104.33
643,94.26
645,95.69
646,117.24
648,96.37
652,95.14
653,94.34
654,110.62
656,110.69
657,91.76
659,93.7
660,104.55
663,91.57
664,110.66
666,104.95
668,108.19
669,92.74
671,95.73
675,90.93
677,93.39
678,109.29
679,104.74
682,95.09
685,106.51
687,95.95
688,91.18
693,109.83
696,95.28
698,94.83
701,94.15
704,106.74
705,116.32
709,111.85
710,93.13
711,106.44
712,97.18
714,107.09
715,91.43
716,110.53
717,94.04
720,116.41
721,92.76
724,105.12
725,95.85
726,108.41
728,112.55
731,91.7
734,105.07
738,93.46
745,110.15
746,92.26
751,72.81
754,91.5
756,92.4
758,92.24
759,112.04
761,115.81
766,95.11
767,110.41
768,91.65
769,109.55
770,94.93
771,77.4
772,103.52
773,92.04
774,111.07
776,110.52
777,94.33
780,117.01
782,103.19
787,104.46
788,94.82
792,91.79
793,109.84
798,91.36
800,89.86
806,110.53
809,110.38
811,110.0
812,90.32
814,116.27
816,105.63
817,96.61
818,111.79
820,109.85
823,93.87
829,89.97
830,112.69
831,90.1
834,109.35
839,95.13
841,75.49
844,101.28
845,93.47
848,91.84
850,91.03
851,103.19
852,94.19
854,93.62
855,95.94
856,106.14
859,101.27
861,111.07
864,93.24
865,111.02
866,91.18
867,89.96
869,94.85
871,89.84
872,110.53
882,106.72
883,93.41
885,96.14
888,95.14
893,109.96
901,109.41
903,101.22
904,94.77
905,103.45
910,95.72
911,106.29
914,110.4
918,110.99
921,91.66
928,94.86
929,103.32
932,93.61
933,102.52
934,95.72
935,111.08
937,80.25
939,94.98
940,102.55
941,94.22
942,105.73
943,95.04
944,102.33
947,110.53
949,109.71
951,108.95
952,96.6
953,101.22
954,80.95
957,110.87
959,91.71
960,117.72
963,116.27
965,110.53
967,106.79
971,93.91
972,75.92
973,95.31
974,110.59
975,90.19
978,121.72
980,110.94
981,94.28
984,110.17
986,95.72
988,91.65
989,109.66
990,102.99
992,109.41
996,94.63
999,109.83
1000,92.1
1001,111.02
1002,91.82
1003,110.52
1004,90.54
1008,109.15
1009,94.46
1010,107.7
1012,116.42
1013,87.6
1014,107.35
1015,89.09
1016,116.31
1019,89.83
1020,110.69
1021,95.72
1022,106.69
1024,95.72
1025,72.5
1027,94.45
1028,102.74
1029,91.11
1030,96.81
1033,110.84
1036,87.91
1037,108.49
1038,91.57
1042,94.98
1043,105.74
1044,92.83
1045,110.54
1047,113.29
1050,93.57
1051,110.01
1054,93.85
1056,94.28
1057,93.34
1059,94.72
1062,103.85
1063,105.68
1064,94.28
1066,91.77
1070,105.94
1076,110.79
1077,96.84
1078,110.97
1080,109.36
1082,113.92
1083,95.09
1089,113.49
1091,95.18
1093,95.92
1097,94.73
1099,88.48
1101,95.76
1103,92.6
1104,109.98
1106,111.62
1109,92.13
1110,112.73
1111,91.5
1112,110.03
1114,93.59
1116,94.2
1117,110.18
1120,91.46
1124,110.91
1125,90.94
1126,108.92
1134,109.89
1137,90.62
1138,110.14
1144,110.58
1145,94.86
1146,90.5
1148,90.17
1150,91.6
1152,101.33
1153,97.34
1154,103.92
1155,94.97
1157,91.65
1162,95.02
1165,110.95
1166,93.31
1167,107.13
1168,95.76
1169,101.31
1171,116.02
1172,97.22
1173,101.31
1174,94.88
1176,96.65
1177,104.02
1178,93.73
1182,109.83
1186,95.9
1187,111.89
1188,92.22
1189,117.06
1191,106.93
1192,94.88
1197,109.79
1198,88.55
1200,76.52
1201,94.59
1203,95.76
1209,116.31
1214,102.68
1218,111.09
1222,92.21
1226,95.71
1228,94.59
1230,90.48
1232,77.04
1233,91.7
1236,113.4
1238,93.01
1241,110.58
1244,102.4
1246,91.93
1247,112.78
1250,109.57
1251,91.02
1254,110.91
1255,93.66
1256,110.55
1257,89.88
1258,90.27
1259,110.51
1260,97.15
1263,110.65
1267,78.0
1268,109.8
1271,94.85
1272,110.01
1274,105.5
1275,95.02
1276,110.05
1277,92.17
1279,90.5
1281,93.57
1282,92.22
1283,109.85
1285,110.18
1286,90.81
1289,110.38
1296,110.55
1299,91.67
1301,94.67
1306,91.13
1307,93.57
1308,90.83
1313,110.05
1314,95.73
1315,112.73
1316,92.25
1317,109.98
1319,91.74
1323,95.38
1324,105.78
1325,94.44
1328,106.53
1329,94.88
1330,111.11
1331,94.32
1332,101.16
1337,97.02
1338,112.62
1339,89.3
1340,111.13
1343,111.06
1347,101.69
1348,95.06
1349,105.41
1352,90.68
1354,96.08
1359,107.14
1360,95.41
1363,110.15
1364,95.49
1365,106.41
1366,96.08
1372,96.75
1375,106.91
1376,93.41
1378,87.86
1379,110.07
1380,95.93
1381,101.49
1384,113.13
1387,91.84
1388,111.16
1392,76.19
1394,101.53
1395,96.89
1396,110.68
1398,95.47
1399,110.68
1400,88.56
1401,93.55
1403,95.5
1404,114.37
1406,110.68
1407,93.62
1408,110.82
1410,78.17
1412,110.75
1413,95.58
1415,95.62
1420,110.82
1422,111.26
1423,109.45
1424,110.82
1425,96.7
1426,78.17
1427,95.93
1429,90.35
1430,110.21
1431,96.08
1432,102.7
1434,108.15
1437,94.89
1438,105.8
1440,108.26
1441,110.29
1442,93.9
1444,110.19
1445,95.55
1446,103.31
1448,91.41
1453,93.75
1454,110.75
1455,95.05
1456,112.04
1458,110.75
1459,91.35
1461,93.71
1465,91.84
1466,109.56
1469,95.55
1472,93.75
1474,93.51
1477,110.71
1479,108.78
1482,90.5
1483,77.23
1487,94.74
1488,111.0
1490,110.51
1492,109.52
1494,117.28
1496,105.71
1497,95.66
1499,97.22
1502,93.37
1507,114.24
1508,90.68
1509,108.87
1511,92.47
1512,112.7
1513,113.81
1514,104.71
1518,110.69
1519,91.47
1522,109.96
1524,76.71
1527,93.9
1529,91.81
1532,106.44
1536,110.58
1537,116.48
1539,107.38
1542,109.36
1543,93.41
1544,106.0
1545,75.28
1550,93.48
1551,107.4
1554,107.63
1556,101.5
1559,90.05
1560,75.59
1562,95.07
1566,91.39
1567,110.31
1569,105.69
1570,110.27
1571,110.41
1574,90.68
1578,103.41
1580,91.63
1583,112.5
1584,90.68
1585,112.71
1586,92.7
1587,110.73
1588,91.8
1590,113.89
1592,104.41
1596,113.81
1598,107.92
1599,93.54
1604,115.61
1606,104.34
1607,95.58
1608,105.2
1609,116.19
1611,96.54
1613,95.57
1616,95.06
1619,113.09
1620,91.71
1621,110.37
1622,93.72
1625,109.62
1627,116.19
1629,110.68
1634,95.66
1636,91.84
1638,105.54
1639,95.46
1641,95.79
1643,94.71
1644,105.94
1645,117.23
1646,92.8
1647,107.77
1648,94.29
1652,91.63
1653,110.46
1656,91.39
1658,93.54
1659,112.76
1661,95.89
1663,95.58
1664,109.78
1665,95.0
1666,101.5
1667,106.98
1668,75.45
1669,104.71
1670,95.86
1672,110.72
1674,107.56
1677,111.0
1678,90.0
1679,109.54
1680,89.1
1683,103.65
1686,102.43
1687,111.24
1689,111.64
1690,92.2
1691,116.62
1692,111.09
1693,90.68
1695,93.64
1696,93.75
1697,112.83
1700,101.5
1701,94.57
1702,110.72
1703,91.58
1704,111.92
1706,94.2
1707,110.38
1708,94.42
1710,95.85
1711,103.07
1713,106.88
1717,102.29
1719,103.41
1720,93.09
1722,94.4
1725,103.92
1726,94.37
1727,104.58
1729,109.78
1730,91.35
1731,112.41
1733,101.5
1734,94.73
1735,111.26
1738,95.57
1742,93.31
1745,107.56
1747,94.65
1749,95.68
1751,94.52
1752,76.84
1753,105.88
1754,94.85
1755,96.26
1756,105.17
1758,110.43
1759,95.01
1760,105.08
1761,112.14
1762,92.18
1763,109.42
1764,92.86
1766,94.31
1768,94.1
1769,78.15
1771,109.98
1772,91.93
1773,103.91
1774,92.27
1775,109.61
1777,110.68
1779,95.01
1780,105.1
1787,91.53
1788,93.58
1790,94.32
1796,110.24
1801,89.41
1803,93.32
1807,111.56
1809,112.26
1812,92.96
1813,110.26
1814,91.05
1815,109.68
1816,93.95
1818,90.47
1820,92.08
1821,113.46
1822,94.93
1825,92.53
1826,103.05
1828,94.07
1831,105.69
1836,112.77
1837,94.47
1841,93.47
1844,104.43
1848,93.42
1851,107.33
1852,95.24
1853,89.94
1854,109.99
1856,93.67
1859,112.28
1860,95.06
1861,79.28
1863,102.7
1865,94.39
1866,107.35
1867,94.24
1868,91.68
1872,94.38
1879,92.96
1880,101.72
1882,93.83
1885,103.6
1887,101.18
1888,94.5
1890,109.28
1894,95.45
1895,103.51
1896,93.48
1897,109.72
1900,109.1
1901,90.01
1902,110.12
1905,89.67
1906,108.55
1912,101.39
1915,93.62
1916,105.78
1917,95.16
1918,102.92
1920,77.65
1923,90.72
1924,102.01
1925,94.2
1930,116.15
1932,110.63
1933,93.83
1934,110.28
1935,90.08
1940,78.13
1941,93.24
1942,109.15
1943,90.54
1944,90.72
1945,107.88
1948,116.44
1949,92.0
1952,96.82
1954,90.63
1955,110.78
1958,91.46
1959,77.54
1960,109.42
1963,95.75
1965,90.44
1968,103.26
1969,95.45
1971,95.36
1972,110.1
1973,90.74
1975,90.73
1977,93.41
1978,93.69
1979,109.75
1981,90.7
1982,110.53
1987,109.47
1988,91.34
1993,95.41
1997,94.6
1999,95.05
2001,95.52
2002,114.0
2003,91.33
2004,79.99
2006,110.21
2007,93.43
2009,105.97
2010,94.5
2013,102.18
2018,76.15
2022,105.43
2024,108.64
2025,95.56
2026,107.56
2030,105.92
2031,94.2
2032,101.39
2033,94.4
2035,89.43
2036,109.74
2037,89.89
2040,95.4
2043,111.73
2044,104.42
2046,106.36
2054,106.82
2055,94.83
2056,105.1
2059,91.76
2060,90.01
2062,86.46
2063,108.83
2066,95.45
2067,111.27
2072,91.64
2073,110.3
2074,93.24
2075,110.36
2076,93.46
2080,90.98
2082,90.01
2085,107.6
2087,112.06
2091,110.27
2092,98.81
2093,105.1
2098,97.05
2101,109.42
2102,90.43
2103,78.13
2105,107.32
2106,95.12
2107,111.51
2110,94.33
2114,94.98
2115,110.31
2117,74.82
2118,91.58
2119,105.55
2120,94.28
2122,91.47
2123,109.46
2126,95.51
2127,102.43
2128,93.54
2129,108.61
2132,95.18
2135,103.49
2138,95.77
2139,116.15
2141,111.65
2142,94.26
2146,96.69
2151,110.19
2157,105.19
2159,110.36
2162,95.31
2164,116.63
2167,91.1
2168,108.47
2171,89.88
2173,95.44
2174,106.05
2175,94.53
2178,95.71
2180,95.74
2185,109.65
2189,86.96
2190,111.48
2192,104.82
2194,113.81
2200,115.61
2201,91.19
2203,109.53
2204,91.69
2205,111.39
2209,112.54
2213,106.38
2214,93.21
2215,113.14
2216,91.21
2218,93.57
2219,105.34
2220,95.58
2222,90.57
2223,109.76
2225,111.96
2226,92.08
2230,95.33
2233,111.41
2234,110.11
2235,91.69
2236,77.33
2237,94.97
2240,113.28
2241,93.86
2248,106.72
2249,96.08
2250,109.14
2252,109.57
2253,93.05
2254,110.09
2256,75.99
2258,91.82
2259,108.03
2262,95.66
2265,95.2
2266,106.32
2269,92.87
2271,97.11
2273,90.41
2274,111.58
2275,91.26
2277,94.21
2279,91.69
2280,76.73
2282,95.74
2283,105.94
2288,91.68
2289,110.45
2291,94.6
2292,116.22
2297,95.89
2298,104.0
2299,95.08
2300,111.97
2301,91.35
2304,95.04
2305,102.55
2306,95.66
2308,93.72
2309,111.61
2311,93.03
2312,104.58
2316,105.41
2321,103.24
2322,109.67
2325,106.43
2326,94.81
2329,116.22
2330,94.19
2331,103.13
2332,111.27
2333,95.66
2334,105.85
2335,110.89
2337,109.9
2338,89.01
2340,111.27
2342,91.26
2345,92.11
2349,95.13
2351,76.83
2352,94.42
2354,110.78
2355,118.7
2357,111.96
2358,94.66
2360,94.78
2361,110.78
2364,94.07
2366,97.2
2369,103.99
2370,96.85
2371,111.34
2373,120.93
2374,98.53
2376,110.91
2378,112.41
2382,96.4
2383,90.78
2386,105.94
2387,95.81
2389,89.8
2390,113.43
2392,91.74
2398,111.27
2399,95.21
2400,91.81
2401,110.05
2402,94.23
2404,92.17
2407,115.38
2408,109.09
2409,111.35
2412,73.39
2413,94.58
2415,93.91
2420,112.23
2422,93.71
2423,105.44
2426,95.58
2432,93.4
2434,91.61
2435,89.61
2436,111.04
2438,114.03
2440,110.13
2443,94.11
2444,91.92
2447,106.72
2450,96.41
2454,90.36
2455,110.36
2459,95.66
2460,107.23
2463,93.56
2465,92.4
2468,78.34
2469,91.55
2474,89.95
2478,92.05
2480,93.76
2481,113.28
2489,95.74
2490,106.13
2492,90.29
2496,95.66
2497,109.4
2500,94.3
2505,95.62
2507,88.93
2508,111.39
2509,95.59
2510,81.25
2513,90.87
2515,95.74
2518,90.78
2519,112.29
2520,90.78
2521,110.66
2523,110.19
2525,93.41
2529,110.61
2530,91.55
2533,115.52
2535,91.11
2538,103.35
2544,115.41
2553,109.29
2556,94.62
2558,91.75
2559,116.96
2560,93.12
2561,109.6
2562,92.05
2563,109.25
2564,91.43
2565,111.37
2567,105.9
2572,94.58
2575,94.42
2576,110.94
2577,88.83
2578,94.06
2579,107.65
2580,88.34
2582,109.1
2583,91.3
2587,94.42
2589,109.05
2590,93.34
2591,110.61
2594,91.86
2597,98.97
2598,103.62
2599,96.32
2600,105.76
2602,110.16
2603,94.58
2604,104.34
2606,108.23
2607,77.02
2608,91.82
2613,111.35
2614,94.01
2615,110.31
2617,110.07
2620,91.9
2623,111.18
2624,95.55
2627,111.35
2629,77.02
2630,90.32
2632,96.96
2636,93.11
2639,90.64
2640,102.9
2642,110.61
2644,103.66
2646,110.97
2647,92.81
2649,95.24
2650,111.91
2652,101.63
2653,104.5
2655,114.95
2657,111.23
2659,110.8
2662,90.79
2663,113.24
2664,95.7
2665,104.66
2670,92.61
2671,102.06
2672,95.58
2675,101.63
2677,109.63
2679,110.33
2683,109.68
2684,94.08
2685,93.36
2688,102.88
2689,92.98
2690,105.56
2693,93.49
2694,111.03
2697,100.27
2699,95.37
2703,92.93
2705,102.56
2709,77.67
2710,93.77
2711,111.09
2712,92.61
2713,95.01
2714,110.12
2715,89.82
2717,90.97
2718,110.75
2720,111.79
2721,94.36
2726,96.16
2728,93.61
2731,106.61
2732,110.88
2734,93.73
2736,101.42
2737,94.32
2738,103.94
2739,110.11
2746,94.06
2749,104.64
2751,117.36
2752,106.16
2753,93.21
2757,106.14
2758,94.73
2759,111.26
2760,91.92
2762,110.06
2764,95.89
2765,110.69
2769,110.73
2771,112.16
2774,92.56
2776,92.08
2777,113.3
2778,90.18
2779,111.25
2782,89.87
2784,90.01
2787,89.51
2789,96.73
2792,94.27
2798,97.54
2799,103.32
2800,95.44
2801,77.98
2802,91.48
2804,92.91
2807,106.54
2808,96.52
2809,119.89
2811,114.01
2812,94.6
2814,91.16
2816,94.19
2817,110.98
2818,109.26
2820,107.32
2821,67.18
2822,96.27
2823,103.76
2824,94.13
2826,88.38
2829,90.2
2834,92.54
2835,75.53
2838,96.55
2839,110.04
2840,90.24
2841,109.64
2842,95.62
2846,109.34
2848,93.95
2849,90.29
2850,110.12
2851,95.32
2853,91.77
2854,110.61
2858,110.46
2861,91.67
2864,90.25
2865,113.24
2866,109.2
2867,89.95
2868,110.22
2870,110.87
2877,93.05
2878,111.35
2880,110.98
2882,77.81
2883,95.73
2884,102.69
2885,93.77
2887,95.69
2888,110.74
2889,96.13
2890,103.52
2891,93.13
2892,116.66
2893,92.8
2898,110.64
2899,93.75
2900,111.86
2901,94.64
2909,96.01
2910,109.35
2911,108.96
2913,109.68
2914,93.96
2918,90.75
2919,110.22
2920,90.79
2921,111.35
2922,97.03
2923,104.09
2925,114.12
2926,89.66
2927,110.54
2929,110.82
2933,90.65
2934,109.62
2936,113.1
2941,101.19
2942,93.88
2943,111.55
2945,107.07
2950,91.76
2951,110.3
2953,120.83
2954,95.68
2955,107.31
2956,95.68
2960,96.88
2962,92.58
2963,103.23
2964,101.44
2966,76.95
2967,94.48
2968,111.19
2969,90.86
2971,91.69
2972,95.81
2974,93.87
2975,110.46
2977,117.36
2980,110.55
2981,91.02
2983,96.03
2984,104.2
2985,116.13
2986,104.82
2987,95.81
2989,93.31
2990,110.6
2991,88.2
2992,78.28
2995,100.23
2996,105.26
3002,108.45
3004,109.93
3005,116.11
3006,94.07
3010,95.97
3011,106.82
3014,89.62
3015,92.14
3016,94.97
3017,115.82
3018,90.76
3021,105.3
3024,103.57
3028,93.14
3030,90.13
3032,93.01
3039,93.61
3040,105.7
3041,95.6
3043,90.58
3044,109.78
3046,109.01
3055,90.39
3056,110.18
3058,90.14
3059,110.9
3061,116.57
3063,103.95
3066,96.41
3067,103.57
3068,76.33
3069,94.31
3072,113.8
3073,111.83
3074,91.7
3077,90.23
3082,94.14
3084,100.23
3085,108.66
3088,103.62
3091,90.12
3092,110.73
3093,96.33
3094,106.56
3096,110.4
3097,91.43
3098,77.83
3102,114.04
3106,90.6
3109,91.93
3111,90.01
3112,116.11
3113,94.24
3115,91.77
3116,110.47
3117,92.12
3121,110.32
3122,92.05
3123,94.22
3124,105.16
3125,94.97
3126,105.76
3127,116.71
3129,92.87
3130,110.27
3132,103.88
3134,104.69
3135,94.39
3137,79.85
3138,90.84
3140,93.46
3144,110.54
3145,94.9
3146,110.27
3147,95.17
3148,103.75
3149,105.83
3150,109.56
3151,92.4
3152,98.88
3155,94.11
3156,110.08
3159,90.82
3161,94.17
3162,107.03
3163,96.1
3165,103.95
3172,91.72
3173,110.5
3176,94.35
3177,102.09
3179,110.46
3183,92.85
3186,94.41
3187,105.2
3189,108.63
3190,94.51
3192,116.71
3193,91.72
3194,110.01
3197,95.11
3198,94.37
3200,93.11
3201,116.67
3202,94.37
3204,95.53
3205,91.1
3206,111.52
3208,104.96
3210,105.44
3211,92.76
3212,116.57
3213,95.14
3214,110.06
3216,103.48
3219,90.64
3220,113.32
3221,94.24
3226,114.12
3227,95.63
3228,111.53
3229,93.63
3232,78.26
3233,95.64
3234,94.4
3236,96.75
3238,110.43
3239,112.0
3240,89.8
3247,107.92
3249,102.66
3252,117.59
3253,98.94
3254,105.65
3255,93.56
3256,108.82
3257,94.99
3262,95.94
3263,101.58
3264,95.68
3266,111.61
3267,92.82
3269,95.18
3272,116.13
3274,95.11
3275,103.46
3277,95.78
3279,98.44
3280,104.29
3283,97.82
3285,95.65
3287,91.85
3288,103.57
3290,103.02
3291,94.91
3298,108.61
3299,95.12
3302,112.75
3303,93.49
3304,103.61
3307,93.33
3309,91.29
3314,76.4
3316,110.99
3317,91.79
3319,92.4
3320,109.72
3321,95.3
3322,108.99
3324,89.93
3326,89.52
3329,109.31
3330,91.38
3331,110.42
3335,116.61
3337,95.58
3338,105.59
3339,96.44
3340,109.58
3341,91.75
3343,88.93
3346,89.42
3348,95.62
3351,103.53
3352,116.16
3355,91.69
3356,111.05
3358,102.11
3359,95.32
3360,112.17
3371,109.18
3372,93.78
3374,96.83
3377,108.62
3378,89.51
3380,102.48
3382,94.6
3386,94.43
3389,111.06
3391,105.93
3393,94.06
3394,106.75
3395,95.12
3397,111.26
3398,97.38
3399,74.48
3400,94.95
3404,103.26
3407,109.52
3409,107.12
3419,95.71
3421,92.25
3425,95.93
3427,76.79
3428,116.09
3429,108.96
3431,89.36
3435,94.22
3436,110.56
3439,92.89
3441,89.62
3442,116.09
3443,95.9
3444,104.5
3445,94.57
3446,111.05
3449,90.09
3453,93.53
3457,89.54
3460,103.39
3461,93.6
3462,93.79
3464,103.91
3465,76.29
3466,94.53
3467,103.2
3468,96.07
3469,105.72
3470,104.34
3472,110.52
3473,90.83
3475,88.93
3476,110.54
3478,103.98
3479,94.27
3483,93.83
3484,102.31
3485,94.44
3487,90.8
3488,110.13
3496,110.5
3497,92.99
3499,96.12
3500,77.11
3501,94.33
3504,96.6
3508,105.18
3511,90.95
3512,110.46
3515,92.15
3517,94.43
3518,108.02
3526,110.85
3528,118.38
3529,90.84
3530,110.24
3531,93.93
3532,113.91
3533,93.97
3534,94.29
3535,77.1
3536,90.59
3537,109.59
3538,93.27
3539,109.18
3540,106.11
3545,109.45
3546,90.74
3550,106.35
3551,94.18
3553,94.9
3554,103.39
3557,94.84
3558,112.82
3559,90.09
3561,94.69
3562,111.26
3563,92.39
3564,103.53
3565,94.57
3567,92.19
3571,103.53
3572,97.58
3574,94.88
3576,94.53
3577,110.16
3578,94.31
3579,94.58
3583,93.23
3585,93.46
3586,107.5
3587,110.33
3593,91.84
3594,112.49
3595,93.57
3599,96.21
3600,105.43
3601,110.52
3602,90.09
3604,94.98
3609,116.56
3610,107.76
3612,109.38
3614,109.76
3615,95.56
3617,98.32
3618,110.08
3619,109.02
3620,109.7
3621,94.85
3625,93.24
3626,104.51
3630,104.58
3631,93.88
3632,102.65
3633,96.45
3634,110.3
3637,94.84
3639,93.01
3640,112.25
3641,90.28
3644,110.97
3645,95.27
3646,94.1
3647,89.44
3648,111.12
3653,111.33
3654,91.75
3655,111.68
3659,105.78
3660,95.57
3662,110.61
3666,91.32
3668,96.01
3671,91.74
3673,93.06
3674,109.96
3675,94.12
3681,90.17
3682,111.19
3686,110.02
3687,90.48
3692,76.77
3695,110.65
3696,93.94
3699,110.0
3705,112.31
3707,78.21
3708,95.29
3709,111.52
3710,93.91
3712,96.59
3715,110.82
3716,94.38
3720,110.33
3722,78.21
3726,95.23
3728,90.32
3729,111.9
3731,104.52
3735,109.13
3736,91.46
3739,103.91
3741,109.69
3743,105.8
3744,94.28
3745,111.69
3746,94.16
3751,93.4
3753,94.53
3760,108.93
3761,94.84
3762,109.08
3763,93.53
3765,92.38
3768,113.43
3769,94.35
3770,106.16
3773,110.19
3774,95.53
3776,95.47
3778,93.15
3779,110.33
3780,93.1
3781,110.42
3782,90.84
3783,110.28
3784,96.24
3786,95.1
3789,108.16
3790,95.83
3793,110.45
3795,110.77
3797,96.51
3798,115.96
3800,110.43
3804,95.58
3810,97.45
3815,110.3
3816,95.58
3818,103.63
3824,110.4
3828,105.23
3830,108.45
3831,95.64
3832,76.8
3834,111.41
3835,90.62
3836,108.77
3838,95.48
3839,116.39
3840,109.22
3845,93.09
3846,110.59
3847,94.3
3849,76.75
3853,110.04
3855,105.06
3856,96.09
3864,77.36
3865,96.3
3866,110.14
3867,91.83
3868,110.43
3869,96.17
3871,90.51
3875,105.73
3876,92.38
3878,93.53
3879,110.79
3881,110.43
3883,107.58
3884,90.95
3886,108.89
3890,93.5
3893,103.95
3897,104.83
3901,92.14
3902,109.37
3913,111.0
3914,90.5
3916,91.39
3917,110.35
3924,106.74
3925,96.43
3928,94.93
3929,108.55
3932,95.53
3933,102.88
3934,75.58
3935,89.61
3936,94.61
3937,110.16
3938,89.49
3939,108.34
3943,87.61
3944,109.97
3945,109.46
3946,92.71
3947,109.18
3948,93.67
3949,109.83
3950,94.94
3951,110.4
3952,93.23
3953,109.36
3961,112.88
3962,93.05
3966,93.93
3967,105.65
3968,97.5
3969,109.98
3970,95.64
3971,105.45
3973,90.96
3974,109.71
3975,109.35
3977,90.64
3979,108.42
3985,94.06
3986,103.17
3988,108.2
3991,93.68
3992,104.24
3993,95.46
3994,91.32
3995,110.39
4005,110.72
4007,93.9
4008,105.03
4009,94.9
4010,103.85
4011,78.02
4012,92.99
4013,106.86
4015,111.42
4016,109.72
4018,109.86
4025,94.49
4026,109.48
4028,112.92
4029,94.93
4031,92.45
4032,109.65
4033,90.79
4034,102.99
4037,93.88
4038,106.65
4039,92.91
4041,94.99
4042,110.34
4043,95.55
4044,102.88
4045,92.95
4046,108.99
4047,94.23
4048,104.69
4049,91.86
4051,94.83
4052,110.49
4058,102.83
4062,107.94
4064,108.48
4067,93.88
4068,76.14
4070,94.6
4072,116.1
4074,109.47
4075,89.08
4076,109.86
4077,93.21
4078,109.34
4080,102.88
4082,111.93
4085,93.94
4086,110.85
4088,109.48
4089,94.57
4092,75.68
4094,93.05
4095,109.01
4096,93.19
4097,103.77
4102,91.7
4105,107.36
4107,109.78
4111,96.21
4112,105.56
4113,94.39
4114,113.49
4115,92.91
4116,111.64
4117,93.59
4118,95.6
4119,108.92
4120,96.56
4122,80.46
4125,91.45
4126,110.05
4129,110.22
4134,109.13
4137,87.26
4141,102.1
4142,97.24
4144,95.05
4145,106.74
4146,92.2
4150,93.19
4151,78.81
4154,93.88
4156,95.14
4157,109.64
4159,109.72
4160,95.08
4161,109.9
4168,94.56
4171,103.11
4172,104.81
4173,94.96
4175,92.69
4176,102.88
4177,95.05
4178,100.79
4179,94.29
4181,106.37
4183,94.93
4184,109.87
4185,91.08
4186,108.96
4188,118.89
4190,109.45
4192,91.53
4193,103.47
4194,109.9
4195,90.81
4196,76.37
4202,95.08
4203,106.95
4208,93.86
4209,109.41
4210,93.98
4211,108.58
4212,115.53
4214,103.42
4215,94.57
4216,107.88
4217,91.95
4219,94.6
4222,110.16
4224,76.11
4231,103.1
4232,94.93
4234,93.72
4236,95.05
4237,102.97
4240,92.58
4242,103.78
4243,93.94
4247,91.57
4248,109.18
4249,89.16
4254,103.95
4263,92.72
4265,108.59
4267,113.05
4268,108.68
4271,109.5
4272,93.92
4273,109.0
4274,91.98
4276,93.62
4278,94.52
4280,95.36
4281,109.8
4283,90.7
4284,109.13
4285,95.49
4286,109.99
4287,91.85
4288,107.54
4289,92.47
4290,76.02
4293,91.19
4296,113.0
4297,91.94
4299,91.64
4303,114.74
4310,95.49
4312,102.94
4318,103.02
4320,109.27
4322,92.93
4323,114.62
4325,102.98
4326,110.3
4328,103.7
4330,103.87
4332,107.91
4333,91.46
4335,93.18
4336,113.29
4338,106.97
4341,96.32
4342,104.71
4344,102.88
4347,95.89
4348,103.07
4351,112.46
4352,94.02
4353,109.29
4355,106.3
4356,93.98
4359,106.43
4360,95.48
4361,94.8
4364,93.65
4365,106.2
4368,93.98
4372,93.94
4374,89.61
4376,94.69
4377,106.46
4380,93.65
4383,103.23
4384,94.56
4385,104.56
4389,91.07
4391,94.23
4392,108.58
4393,93.18
4395,89.24
4396,110.75
4398,111.05
4399,99.51
4401,91.26
4406,93.52
4408,103.48
4412,103.07
4415,94.61
4418,109.9
4419,89.61
4420,75.73
4422,110.01
4423,89.61
4425,95.59
4428,108.71
4431,112.14
4434,91.53
4436,95.13
4437,107.38
4439,116.01
4440,92.76
4441,109.88
4444,97.69
4445,103.46
4446,92.03
4447,109.47
4452,105.27
4456,110.9
4457,94.05
4458,108.16
4460,93.98
4461,116.08
4462,92.27
4465,104.78
4466,104.8
4468,95.18
4469,105.57
4472,106.84
4475,95.22
4478,90.92
4479,108.53
4480,89.12
4483,74.67
4484,93.44
4485,102.54
4486,95.68
4488,95.02
4489,107.81
4490,94.03
4491,108.16
4492,96.35
4493,113.6
4494,93.75
4495,104.7
4498,79.29
4499,95.66
4500,105.96
4503,110.78
4505,104.73
4506,96.28
4507,95.19
4508,103.02
4510,110.65
4511,91.82
4513,95.61
4516,76.6
4519,92.55
4521,93.83
4531,92.37
4532,76.34
4533,92.71
4534,107.36
4536,103.02
4537,94.05
4539,95.69
4542,104.88
4545,91.29
4549,92.47
4551,93.42
4554,102.47
4556,109.08
4559,112.29
4561,109.02
4562,107.09
4566,108.92
4569,94.35
4570,110.75
4573,93.83
4574,104.13
4575,94.05
4577,93.21
4578,110.21
4580,106.83
4582,91.29
4583,110.01
4585,92.96
4587,103.02
4595,92.56
4596,110.69
4601,94.21
4602,111.49
4603,93.86
4605,109.78
4606,92.59
4607,107.0
4608,92.75
4610,95.18
4613,104.93
4617,91.62
4618,110.35
4619,91.53
4620,96.2
4622,96.92
4625,93.98
4626,103.02
4627,93.95
4629,89.35
4631,91.82
4633,103.02
4634,117.29
4635,91.56
4639,93.93
4640,105.04
4642,102.7
4644,109.24
4646,103.02
4647,96.8
4648,78.63
4649,94.4
4650,107.51
4655,92.47
4660,92.86
4661,108.98
4662,89.93
4663,109.24
4665,95.59
4666,109.43
4667,103.43
4668,94.37
4670,92.21
4671,113.27
4672,91.85
4673,102.57
4675,102.21
4676,91.92
4677,108.89
4680,94.12
4682,94.25
4683,110.36
4685,103.07
4686,93.6
4688,109.76
4690,110.04
4692,109.78
4693,91.07
4697,92.34
4700,107.01
4702,106.96
4707,115.93
4708,93.85
4710,79.28
4716,101.72
4717,95.05
4718,93.41
4720,95.21
4721,80.3
4723,92.85
4726,109.37
4727,91.37
4729,91.69
4731,93.03
4732,110.3
4735,91.35
4736,103.83
4737,93.74
4738,110.93
4739,110.03
4744,103.07
4747,93.43
4749,107.08
4750,93.85
4752,109.88
4755,97.49
4756,104.65
4757,110.12
4758,94.94
4759,102.62
4763,95.07
4764,103.47
4765,94.11
4766,93.42
4767,109.79
4769,109.38
4770,90.2
4771,77.64
4772,102.89
4774,109.81
4776,109.73
4777,110.89
4778,95.88
4780,93.86
4784,94.27
4786,93.66
4787,76.01
4788,94.99
4789,109.88
4791,105.85
4792,93.96
4795,109.74
4796,89.64
4803,89.17
4805,95.55
4807,93.72
4809,92.42
4816,94.41
4817,83.58
4818,91.86
4820,93.09
4821,104.29
4823,110.51
4824,94.73
4825,108.81
4829,104.11
4830,94.99
4831,111.62
4833,105.21
4836,91.63
4837,109.76
4838,89.27
4840,95.31
4841,75.27
4842,88.67
4843,109.64
4844,90.38
4849,113.93
4851,105.81
4852,92.9
4858,89.09
4860,94.99
4863,109.23
4864,92.97
4865,109.0
4867,107.97
4868,95.1
4869,109.66
4873,89.6
4875,95.97
4876,109.67
4877,87.04
4878,110.01
4880,76.08
4886,108.14
4888,102.64
4889,95.22
4890,110.34
4893,94.27
4895,91.4
4896,105.29
4899,94.04
4901,90.88
4902,106.66
4903,91.94
4904,109.88
4910,89.95
4912,91.05
4915,95.56
4916,106.02
4917,94.18
4920,102.89
4927,102.45
4928,93.19
4931,103.19
4934,91.67
4936,94.36
4939,114.68
4942,111.2
4943,95.06
4944,104.85
4945,95.29
4947,109.48
4948,91.12
4951,93.7
4952,109.88
4953,92.64
4956,91.94
4957,109.8
4958,91.7
4960,93.8
4968,93.11
4969,102.35
4971,102.26
4973,110.55
4975,110.26
4976,93.72
4978,92.01
4979,109.75
4982,93.81
4983,108.83
4984,94.68
4985,115.95
4986,92.67
4987,112.79
4988,97.56
4994,94.38
4995,95.13
5002,77.14
5004,93.18
5005,104.22
5006,94.97
5007,104.0
5009,109.74
5011,110.55
5014,95.21
5015,106.11
5018,93.15
5019,109.51
5020,91.43
5021,108.12
5022,93.56
5023,92.74
5025,95.04
5032,93.14
5034,89.84
5036,91.82
5038,93.54
5039,109.61
5046,96.67
5049,109.51
5051,91.89
5052,89.27
5053,109.81
5054,95.01
5055,94.69
5057,93.93
5059,90.23
5062,96.32
5063,110.0
5065,107.1
5069,93.99
5071,95.22
5074,109.75
5075,88.93
5076,108.77
5077,76.06
5079,106.08
5080,94.21
5081,110.5
5083,105.91
5088,104.35
5089,95.18
5093,108.0
5094,102.26
5095,95.7
5099,110.86
5101,109.73
5103,104.22
5104,91.84
5105,109.56
5107,92.62
5108,109.09
5109,95.56
5111,92.98
5112,110.19
5113,94.59
5114,107.77
5115,95.04
5118,94.6
5122,95.06
5123,76.9
5125,94.81
5127,104.95
5128,93.88
5129,112.41
5132,95.01
5134,110.46
5135,93.26
5137,110.61
5142,93.81
5143,104.38
5144,91.45
5148,91.83
5149,94.39
5150,106.7
5154,75.69
5155,91.85
5159,92.44
5164,93.37
5165,109.5
5166,91.17
5167,109.59
5169,88.85
5171,92.31
5172,110.17
5176,94.05
5184,109.83
5185,91.64
5186,109.27
5188,106.95
5189,109.57
5190,89.15
5191,109.5
5193,110.18
5196,94.77
5199,75.38
5200,103.26
5203,89.67
5204,108.9
5205,90.05
5207,94.45
5208,106.97
5212,95.98
5214,94.55
5218,90.74
5220,92.91
5222,92.47
5224,95.36
5225,102.93
5227,107.82
5229,105.02
5232,91.93
5233,116.1
5234,100.01
5237,110.66
5239,113.37
5240,91.89
5241,109.55
5244,92.11
5248,108.08
5251,90.96
5253,93.56
5255,96.44
5256,102.4
5257,92.44
5259,96.3
5260,108.09
5266,93.4
5268,92.22
5275,110.55
5276,110.78
5277,90.16
5279,93.95
5280,105.26
5281,94.49
5283,95.66
5284,77.61
5285,95.18
5286,104.67
5287,93.84
5289,91.74
5290,110.18
5292,105.58
5293,94.3
5294,103.95
5297,91.7
5299,104.0
5302,88.79
5305,74.91
5306,95.3
5308,93.02
5309,93.43
5310,110.85
5312,109.74
5316,110.81
5317,97.86
5319,76.39
5320,95.08
5323,95.31
5329,109.65
5331,109.91
5334,109.34
5336,110.25
5338,105.05
5341,92.75
5345,95.92
5348,92.68
5349,108.03
5355,104.19
5356,94.68
5360,106.31
5362,111.15
5364,109.68
5366,104.28
5367,92.81
5368,94.36
5370,92.77
5371,76.0
5373,106.09
5375,110.66
5376,89.53
5378,109.54
5379,92.52
5383,93.86
5384,103.45
5389,108.72
5391,75.48
5393,108.77
5395,110.41
5397,107.63
5398,91.56
5399,109.92
5401,116.06
5402,88.48
5403,109.75
5404,93.82
5407,76.33
5408,94.67
5413,112.27
5414,92.39
5417,94.8
5418,105.58
5420,109.44
5421,90.84
5424,94.43
5425,108.9
5426,89.47
5429,110.91
5431,94.43
5437,103.64
5440,89.33
5444,102.1
5446,105.66
5447,92.72
5451,92.73
5452,95.32
5455,100.01
5456,95.15
5458,90.59
5459,109.53
5460,95.05
5462,93.91
5463,109.29
5464,91.47
5465,108.42
5466,95.31
5467,102.9
5468,94.16
5469,109.15
5472,93.88
5474,90.5
5475,108.39
5476,95.03
5479,104.88
5480,110.45
5482,106.23
5485,91.87
5486,115.52
5488,78.56
5495,105.02
5496,92.5
5497,109.9
5499,108.87
5503,91.01
5504,94.09
5507,94.92
5509,90.33
5511,92.38
5512,109.62
5516,110.39
5517,96.36
5518,102.36
5521,95.3
5522,104.13
5527,95.25
5528,94.17
5529,109.4
5532,87.93
5533,110.08
5535,106.03
5536,101.77
5540,91.75
5547,92.69
5548,109.52
5550,76.99
5551,93.26
5554,106.56
5555,96.03
5559,109.17
5560,91.5
5561,108.24
5562,89.4
5563,109.71
5565,78.15
5566,93.06
5567,101.87
5568,92.09
5572,94.35
5574,95.26
5576,92.77
5579,109.33
5580,75.34
5581,92.38
5583,95.68
5584,111.07
5586,110.67
5587,92.27
5589,103.25
5591,104.07
5592,92.35
5593,109.79
5594,94.03
5595,76.04
5596,109.68
5597,108.83
5598,116.13
5599,95.2
5602,106.65
5603,94.03
5605,91.43
5607,92.87
5608,110.54
5609,89.4
5610,92.74
5612,93.4
5613,109.44
5614,93.33
5616,94.04
5621,94.15
5623,94.34
5628,112.56
5629,94.96
5631,95.67
5633,96.76
5638,102.0
5639,94.84
5640,105.16
5645,93.35
5646,75.05
5649,89.46
5653,108.29
5655,109.88
5656,93.47
5658,94.96
5662,115.34
5663,91.28
5667,93.02
5670,95.2
5671,103.35
5672,95.13
5673,105.63
5674,93.45
5675,103.75
5676,94.81
5679,109.58
5683,107.88
5687,93.98
5688,75.51
5690,90.7
5691,109.25
5692,92.11
5693,112.41
5694,94.56
5697,109.55
5698,91.73
5699,109.54
5704,93.23
5707,109.58
5709,101.97
5710,93.42
5714,92.46
5718,94.02
5721,94.2
5723,92.38
5724,107.01
5725,93.77
5726,111.74
5729,94.83
5730,102.34
5731,93.35
5733,75.9
5736,94.2
5741,101.74
5745,109.28
5747,94.33
5748,105.48
5750,109.77
5751,93.05
5752,95.36
5754,93.33
5755,91.61
5757,91.29
5758,116.57
5760,103.49
5762,104.85
5766,108.55
5768,94.98
5769,115.92
5770,94.14
5771,109.59
5772,92.62
5773,114.45
5774,93.26
5776,93.03
5777,109.54
5778,89.55
5780,109.52
5782,92.23
5783,75.71
5784,94.9
5786,94.08
5788,93.95
5789,109.07
5790,95.13
5791,104.9
5793,105.84
5794,93.0
5796,115.79
5797,93.42
5801,92.66
5803,93.98
5804,108.1
5805,93.35
5806,75.63
5808,109.66
5813,93.37
5815,93.95
5816,103.42
5822,94.61
5823,110.28
5825,102.82
5827,107.39
5829,103.37
5830,92.75
5831,108.64
5832,93.33
5833,109.66
5837,112.49
5838,94.45
5839,95.99
5842,105.16
5844,107.96
5845,100.38
5846,111.05
5848,75.04
5850,108.46
5851,94.83
5853,94.98
5854,103.55
5858,105.16
5860,109.84
5864,104.74
5866,96.6
5867,109.58
5868,90.14
5869,108.72
5870,94.13
5871,110.28
5874,109.37
5876,111.56
5877,91.71
5878,92.99
5879,109.42
5880,89.58
5884,92.2
5886,108.77
5890,99.07
5896,95.12
5897,103.84
5898,94.98
5901,108.38
5903,109.72
5906,92.74
5908,110.32
5909,91.54
5910,109.44
5911,93.3
5912,109.55
5914,109.37
5919,110.46
5924,93.6
5926,93.99
5929,101.28
5930,92.33
5932,95.46
5933,110.47
5934,89.68
5935,109.03
5936,90.08
5937,110.29
5938,91.73
5939,111.31
5942,109.86
5943,93.87
5944,101.25
5946,109.65
5951,91.95
5953,105.31
5954,93.36
5957,102.27
5961,93.23
5962,106.65
5964,79.02
5965,93.91
5968,109.33
5969,88.13
5974,92.75
5975,108.34
5978,75.14
5981,102.32
5982,94.64
5983,107.25
5989,111.46
5991,92.9
5992,104.4
5995,95.72
5996,103.64
5997,107.7
5998,94.06
5999,78.26
6001,108.34
6002,92.07
6003,108.87
6004,93.36
6006,109.58
6007,87.88
6011,97.95
6012,105.83
6014,93.26
6015,103.84
6016,93.2
6017,107.7
6018,94.93
6024,94.77
6025,105.42
6026,107.24
6028,110.89
6029,75.06
6030,93.84
6036,109.33
6040,93.31
6041,109.24
6042,93.57
6044,94.14
6045,104.85
6047,104.23
6048,91.15
6049,108.15
6051,115.9
6052,109.23
6053,91.76
6054,107.41
6058,102.43
6059,91.31
6062,94.91
6063,115.78
6064,102.53
6065,93.31
6067,93.1
6068,110.44
6070,105.7
6071,101.29
6072,108.73
6080,108.73
6081,93.73
6084,106.6
6087,91.45
6089,102.35
6092,108.73
6094,92.1
6095,109.63
6097,111.46
6100,93.53
6104,106.19
6105,92.46
6106,109.35
6107,77.41
6108,87.43
6109,108.73
6110,90.63
6114,108.73
6116,94.07
6117,104.47
6118,95.75
6123,75.55
6125,109.68
6128,103.38
6130,103.05
6132,111.16
6137,75.46
6139,110.29
6140,93.65
6141,111.32
6142,104.58
6144,116.33
6145,95.3
6146,91.17
6149,90.71
6156,92.02
6159,107.31
6160,93.65
6162,102.75
6164,108.75
6165,88.88
6168,75.38
6169,109.61
6170,92.78
6171,110.84
6172,89.28
6173,117.4
6176,94.79
6177,87.89
6178,95.01
6180,93.41
6181,105.09
6182,94.17
6185,92.82
6186,107.95
6188,109.66
6189,92.47
6192,106.6
6193,93.01
6194,104.85
6195,93.47
6196,113.22
6197,92.24
6201,108.42
6202,92.55
6203,109.96
6204,92.38
6207,115.35
6209,93.69
6210,87.89
6211,112.21
6213,108.31
6216,89.24
6217,93.0
6219,93.36
6222,76.44
6223,93.6
6235,94.74
6240,92.18
6242,94.19
6247,93.41
6251,107.85
6254,111.22
6255,94.56
6260,103.03
6261,93.12
6262,103.78
6264,107.06
6269,105.85
6271,104.12
6275,108.33
6276,92.81
6278,93.91
6279,109.24
6281,110.76
6284,90.55
6286,92.25
6287,77.11
6288,93.5
6292,93.0
6293,92.4
6295,94.25
6298,109.37
6300,107.91
6304,104.95
6308,109.51
6310,94.53
6312,108.73
6320,93.31
6324,89.79
6325,109.95
6330,93.63
6336,108.44
6340,103.52
6341,94.74
6342,107.04
6344,92.73
6345,110.88
6347,109.47
6348,94.43
6349,109.37
6351,75.88
6353,110.97
6354,92.88
6357,94.43
6358,105.21
6360,101.53
6363,112.52
6364,91.57
6368,107.0
6370,92.63
6371,92.63
6377,90.82
6379,92.7
6381,92.02
6382,75.43
6383,109.39
6388,109.73
6390,107.72
6392,103.24
6393,93.51
6395,94.42
6398,102.53
6401,75.5
6402,92.7
6403,109.5
6405,91.29
6406,91.11
6407,109.41
6409,104.01
6411,91.56
6413,94.34
6416,103.54
6417,91.61
6418,93.05
6419,115.31
6420,108.15
6426,108.87
6429,92.24
6430,93.55
6431,109.5
6432,93.61
6434,92.52
6437,109.75
6438,95.95
6439,101.69
6440,93.87
6441,92.41
6442,108.65
6443,94.53
6445,94.2
6448,110.19
6450,109.01
6453,94.98
6455,95.34
6457,92.61
6458,108.6
6461,94.31
6464,109.19
6467,92.73
6469,95.24
6470,76.91
6471,93.57
6473,101.83
6474,94.15
6479,94.29
6481,91.37
6484,109.69
6495,92.3
6496,109.02
6505,107.94
6506,94.87
6508,94.71
6509,93.44
6510,104.63
6512,102.31
6513,93.1
6514,109.2
6515,91.88
6519,94.55
6521,91.77
6523,76.86
6525,105.03
6526,92.87
6528,94.52
6529,109.82
6531,104.46
6533,106.44
6534,94.32
6535,109.53
6536,92.51
6537,108.28
6540,92.61
6541,109.39
6547,93.46
6548,108.31
6551,108.08
6553,107.74
6555,106.51
6556,94.66
6561,75.82
6564,90.87
6565,109.53
6568,94.04
6569,108.65
6573,101.07
6574,94.29
6577,108.69
6579,112.44
6581,88.09
6582,109.46
6585,101.33
6586,94.7
6589,103.57
6590,76.94
6593,89.16
6594,108.89
6595,90.15
6599,90.86
6600,94.15
6601,105.96
6602,91.48
6603,110.19
6604,92.7
6607,102.5
6608,103.95
6609,92.54
6611,90.53
6613,108.65
6614,92.62
6616,91.29
6617,108.65
6618,93.27
6619,103.62
6621,106.51
6627,106.85
6629,106.51
6631,74.86
6634,94.84
6636,93.15
6638,94.04
6639,108.65
6641,110.15
6642,96.42
6651,113.08
6654,80.9
6657,94.86
6663,89.41
6665,107.43
6666,91.69
6668,93.25
6669,106.49
6670,94.52
6671,89.98
6673,91.94
6675,94.65
6676,75.79
6677,93.41
6679,95.68
6680,109.29
6681,104.63
6685,104.77
6688,94.19
6689,90.17
6690,107.35
6692,108.65
6693,92.97
6694,94.19
6698,115.34
6699,93.55
6700,107.14
6701,92.61
6702,108.21
6704,90.17
6707,107.55
6712,110.34
6713,92.14
6715,91.28
6721,109.2
6722,93.27
6723,108.44
6724,93.01
6725,115.28
6731,108.72
6735,78.89
6736,91.21
6737,105.8
6738,94.49
6739,104.03
6741,105.19
6743,93.9
6745,93.25
6747,110.46
6749,92.2
6750,103.33
6751,116.56
6752,93.06
6753,108.65
6755,117.79
6756,92.64
6757,102.33
6759,109.13
6761,90.85
6763,93.57
6764,115.8
6765,92.86
6766,109.09
6768,109.49
6771,90.17
6773,93.03
6774,95.09
6778,103.07
6779,93.07
6781,89.8
6784,90.68
6786,94.51
6787,108.07
6790,90.68
6793,105.28
6795,108.69
6798,109.58
6806,106.68
6807,94.66
6810,93.63
6815,111.12
6816,91.63
6817,104.22
6818,94.97
6819,104.19
6820,95.37
6822,89.91
6823,115.85
6824,109.57
6825,90.84
6828,74.9
6829,111.13
6831,107.69
6832,90.84
6833,108.37
6834,93.61
6836,87.85
6837,110.38
6838,90.51
6840,103.78
6843,92.63
6845,91.81
6846,93.19
6847,108.33
6851,108.61
6852,92.74
6853,110.06
6858,96.11
6861,110.04
6863,106.0
6864,76.12
6865,92.54
6866,110.45
6867,93.73
6868,105.29
6869,94.89
6870,109.57
6874,111.0
6875,94.69
6877,109.51
6878,90.41
6880,92.81
6883,105.87
6884,91.43
6886,95.15
6890,96.13
6893,108.7
6894,90.94
6899,109.51
6900,92.55
6904,90.79
6905,110.33
6906,89.17
6910,90.47
6912,103.03
6913,112.95
6920,91.45
6922,93.55
6923,108.69
6926,94.53
6927,108.09
6928,88.45
6931,107.95
6933,94.28
6936,87.4
6937,110.33
6939,110.41
6941,94.04
6942,110.53
6943,88.88
6944,103.01
6945,95.71
6946,105.65
6947,115.69
6949,102.77
6951,102.72
6953,111.58
6954,92.77
6955,107.09
6963,107.64
6964,90.83
6966,93.62
6968,92.39
6970,105.04
6972,111.61
6976,111.92
6978,110.45
6981,101.42
6985,102.83
6986,92.93
6987,108.42
6989,108.99
6991,115.85
6993,114.02
6994,94.14
6995,109.68
6996,92.87
6997,109.28
6998,75.29
7001,107.73
7003,108.76
7006,93.66
7008,101.13
7010,91.85
7011,91.68
7012,110.5
7013,93.02
7014,108.21
7017,104.71
7018,93.27
7019,91.35
7023,95.07
7024,103.53
7025,93.58
7026,110.47
7027,90.41
7028,115.76
7030,108.69
7031,89.64
7033,110.37
7036,93.87
7037,95.36
7039,93.28
7044,91.37
7045,110.38
7046,91.84
7049,104.17
7050,95.71
7051,105.04
7054,108.66
7055,94.74
7057,90.08
7060,109.51
7061,94.89
7063,89.63
7064,108.58
7067,92.81
7071,92.74
7074,101.14
7075,92.78
7078,110.38
7079,90.22
7080,107.99
7081,94.4
7082,109.64
7083,88.03
7085,108.36
7092,104.84
7094,93.23
7100,91.15
7101,109.68
7102,110.45
7104,108.63
7105,94.89
7106,93.69
7107,103.95
7108,76.24
7109,93.36
7110,110.33
7112,93.79
7113,104.67
7114,92.43
7116,109.71
7117,94.73
7118,105.31
7120,94.0
7121,105.44
7123,105.23
7124,96.27
7127,113.3
7131,105.54
7132,94.97
7133,92.07
7134,108.16
7135,89.02
7136,108.06
7137,93.54
7141,92.88
7144,104.05
7147,108.94
7148,92.04
7150,90.16
7151,94.0
7152,104.31
7154,92.9
7156,93.79
7157,105.2
7159,115.73
7161,95.26
7163,93.09
7164,102.35
7167,76.46
7169,106.25
7170,95.21
7173,93.5
7174,106.13
7177,108.34
7178,103.06
7179,93.62
7180,80.68
7181,109.34
7182,92.63
7184,93.15
7185,109.14
7186,91.21
7187,112.9
7188,91.31
7189,111.06
7191,101.14
7193,107.8
7197,93.33
7199,90.02
7200,109.64
7201,89.02
7204,92.2
7207,107.74
7209,106.0
7210,93.65
7211,104.3
7213,91.57
7214,109.28
7216,109.93
7217,93.39
7220,109.54
7224,108.69
7225,93.08
7226,109.93
7227,92.74
7234,109.14
7236,81.41
7239,104.06
7240,92.55
7242,112.38
7244,109.36
7245,91.19
7247,108.66
7248,87.17
7249,115.61
7250,107.74
7251,92.6
7252,108.87
7253,75.94
7256,93.97
7260,93.44
7261,109.91
7264,96.35
7269,106.95
7270,91.62
7273,109.2
7279,90.57
7281,109.02
7284,90.67
7285,108.92
7286,115.54
7287,89.42
7289,92.98
7292,93.43
7293,110.07
7296,90.13
7297,108.65
7298,90.44
7299,109.99
7301,103.57
7304,110.24
7306,119.61
7308,92.98
7309,103.67
7312,92.21
7313,75.94
7314,92.93
7316,87.79
7319,116.46
7321,92.71
7323,93.65
7324,105.78
7325,94.21
7328,102.18
7330,76.1
7334,93.86
7337,108.97
7338,93.7
7339,90.93
7341,89.31
7342,109.62
7344,109.99
7345,108.82
7347,107.63
7349,109.02
7350,94.26
7353,106.63
7355,107.29
7356,89.1
7357,110.42
7358,95.04
7360,92.13
7363,103.11
7364,94.55
7366,91.98
7368,93.2
7369,107.61
7370,91.13
7373,94.55
7374,107.23
7375,92.77
7377,93.27
7379,88.35
7380,115.62
7382,109.52
7383,94.13
7385,92.84
7386,102.91
7391,97.0
7394,104.43
7396,107.74
7397,88.62
7399,93.3
7400,103.69
7403,75.83
7405,109.59
7408,110.59
7414,105.9
7416,103.16
7417,92.47
7419,91.52
7420,109.64
7421,93.9
7422,94.62
7423,100.92
7425,76.76
7430,97.44
7432,94.08
7433,90.21
7434,107.77
7436,109.03
7437,92.81
7438,104.16
7440,104.18
7441,93.2
7442,110.12
7445,109.75
7446,101.97
7448,108.37
7450,98.12
7451,92.9
7454,110.3
7455,94.22
7457,108.34
7459,102.04
7462,92.1
7464,92.9
7465,107.25
7466,90.32
7467,106.49
7469,110.62
7472,93.97
7473,108.52
7479,93.86
7480,102.45
7484,107.73
7491,92.69
7494,102.13
7495,92.91
7501,88.8
7503,92.7
7504,104.5
7505,92.57
7508,109.03
7509,92.0
7510,75.94
7511,106.76
7515,93.8
7516,105.76
7517,92.56
7518,104.47
7519,92.83
7521,95.23
7522,100.82
7524,102.09
7526,104.26
7527,93.51
7528,103.96
7529,94.61
7534,110.83
7537,107.34
7538,91.74
7540,88.92
7541,110.78
7545,109.26
7551,112.83
7553,94.09
7554,103.87
7555,95.42
7561,108.64
7562,94.43
7564,91.56
7565,105.07
7566,92.55
7567,109.54
7569,104.29
7570,96.56
7571,112.95
7572,88.03
7574,101.67
7578,109.23
7579,93.95
7586,93.54
7587,73.76
7590,93.28
7593,108.52
7594,92.3
7595,92.55
7600,92.87
7601,75.0
7602,92.46
7603,107.77
7604,93.21
7606,92.43
7608,112.97
7613,75.39
7615,108.64
7616,108.51
7617,115.69
7618,93.51
7619,104.87
7622,95.41
7623,104.31
7624,94.25
7625,104.98
7626,94.16
7627,103.25
7628,74.64
7631,103.43
7632,104.64
7633,93.96
7634,120.45
7635,93.5
7636,109.11
7637,109.11
7639,92.31
7640,75.69
7644,109.47
7645,92.53
7648,106.82
7649,94.88
7650,109.4
7652,107.25
7653,89.18
7655,90.6
7659,108.69
7662,91.49
7664,93.82
7666,95.7
7668,95.9
7669,109.79
7670,95.13
7672,93.88
7673,108.31
7678,89.63
7679,73.71
7680,106.31
7683,91.1
7685,115.54
7688,93.09
7690,108.56
7692,93.04
7693,94.56
7695,108.97
7696,92.93
7698,93.18
7699,107.13
7702,91.18
7703,109.76
7704,94.44
7707,106.76
7713,74.39
7715,102.9
7717,108.56
7718,96.97
7719,106.16
7721,115.82
7722,93.32
7725,100.81
7727,97.68
7730,74.06
7733,92.1
7735,102.53
7740,109.72
7741,109.95
7742,90.58
7744,111.08
7747,92.87
7750,76.55
7752,110.03
7754,109.95
7756,103.25
7757,93.85
7758,101.68
7760,106.27
7761,93.52
7763,108.24
7765,93.88
7767,109.07
7768,92.5
7771,95.54
7773,93.44
7774,108.66
7776,103.15
7779,93.24
7783,89.87
7786,105.71
7787,92.04
7789,92.57
7791,94.49
7793,92.42
7794,107.3
7795,91.2
7799,75.83
7800,106.09
7802,98.46
7805,107.59
7807,104.44
7808,95.21
7811,102.55
7817,108.47
7818,104.6
7819,93.0
7822,93.0
7823,109.61
7825,109.97
7828,91.5
7832,93.4
7833,76.62
7834,109.3
7835,95.65
7837,94.41
7840,90.66
7842,91.07
7843,106.54
7844,92.23
7846,93.52
7850,92.05
7853,109.98
7855,112.84
7858,92.9
7863,108.15
7865,110.17
7866,88.55
7868,91.39
7869,107.32
7871,76.25
7872,101.46
7874,103.4
7877,110.36
7878,92.49
7879,106.88
7881,92.57
7883,93.53
7885,100.89
7886,94.05
7889,95.98
7890,106.34
7891,94.62
7893,91.99
7894,102.67
7896,109.36
7898,102.5
7901,91.71
7902,107.59
7904,106.98
7905,94.29
7906,118.06
7909,93.08
7910,104.43
7913,91.34
7918,110.68
7919,88.81
7923,87.95
7925,93.66
7927,92.67
7930,93.98
7932,94.88
7933,89.81
7935,92.49
7939,101.14
7942,88.19
7943,110.7
7945,102.8
7946,93.16
7948,92.69
7949,108.47
7950,89.95
7951,109.07
7955,99.54
7959,94.51
7960,109.72
7961,93.0
7962,100.89
7964,100.53
7965,93.9
7966,109.42
7967,104.25
7968,94.53
7971,102.22
7974,88.81
7976,105.97
7978,108.97
7982,109.72
7983,93.1
7984,103.98
7986,91.49
7989,108.47
7991,107.59
7992,110.53
7993,88.6
7994,110.24
7995,93.4
7997,92.58
7998,103.98
7999,108.47
8002,91.49
8007,94.75
8009,91.22
8011,93.96
8013,96.7
8015,104.45
8017,109.64
8019,115.5
8023,92.13
8024,109.58
8026,107.91
8027,92.19
8029,92.87
8030,111.75
8031,92.41
8033,91.05
8035,91.25
8036,102.3
8039,101.76
8042,91.4
8044,89.42
8046,74.61
8048,108.64
8049,94.29
8050,104.3
8053,91.14
8054,91.38
8059,92.27
8061,94.35
8062,108.31
8064,109.06
8066,106.42
8067,93.83
8068,95.12
8070,91.96
8071,109.28
8072,91.34
8076,91.79
8080,90.44
8081,109.24
8084,98.8
8087,111.47
8089,90.55
8090,115.67
8091,102.36
8094,108.91
8100,89.71
8101,93.76
8110,93.94
8111,107.59
8112,93.09
8115,110.21
8116,89.3
8118,109.06
8121,115.14
8125,108.56
8127,108.89
8128,94.12
8129,107.64
8131,93.82
8138,93.33
8139,104.27
8140,92.23
8141,93.44
8142,110.63
8143,108.95
8145,107.91
8146,90.15
8148,105.79
8153,108.99
8154,88.94
8155,108.33
8161,92.07
8162,110.77
8163,91.95
8166,108.75
8168,110.61
8170,91.2
8172,107.93
8173,89.15
8176,104.41
8179,90.35
8181,92.71
8182,114.65
8184,109.32
8190,106.61
8191,93.95
8194,110.86
8196,108.82
8198,110.15
8199,110.44
8201,110.95
8202,93.33
8207,95.1
8208,108.84
8211,109.63
8214,108.84
8217,91.25
8218,109.11
8222,90.93
8229,106.21
8231,95.92
8233,96.97
8236,94.49
8238,110.13
8240,105.82
8243,106.32
8246,108.43
8250,92.99
8254,94.52
8256,76.77
8257,112.82
8258,90.49
8260,94.25
8261,111.33
8263,113.68
8264,94.55
8267,108.25
8268,90.57
8271,93.04
8272,108.84
8275,95.65
8276,94.03
8277,107.17
8278,116.72
8279,93.04
8280,109.53
8281,95.1
8282,110.18
8287,111.3
8288,90.01
8289,110.05
8294,93.12
8296,94.68
8299,111.42
8302,105.03
8308,110.14
8314,102.43
8315,95.03
8316,112.71
8317,94.77
8319,108.99
8320,92.67
8321,116.26
8323,93.79
8325,93.69
8326,109.03
8328,108.79
8330,106.87
8331,92.65
8332,109.87
8334,95.01
8338,93.37
8339,95.34
8341,92.17
8345,110.55
8346,93.56
8347,102.27
8349,95.77
8351,93.27
8352,110.55
8353,108.79
8355,111.61
8358,109.67
8359,106.92
8360,95.33
8361,110.94
8363,101.23
8364,94.56
8365,95.67
8366,105.65
8370,107.68
8372,93.15
8376,94.88
8377,115.43
8379,110.01
8380,90.15
8381,107.46
8386,89.68
8388,106.19
8389,93.72
8391,110.77
8394,94.52
8396,101.76
8398,102.85
8400,110.79
8401,92.67
8404,92.17
8407,95.78
8408,110.41
8409,109.45
8410,103.5
8411,93.21
8413,92.72
8414,110.36
8416,94.13
